delete,10,5,0.0,1.1562902927398682
delete,10,5,0.0,1.3266944885253906
delete,10,5,0.0,1.2212817668914795
delete,10,15,0.0,1.8695998191833496
delete,10,15,0.0,2.37001371383667
delete,10,15,0.0,1.430875301361084
delete,10,30,0.0,10.59740924835205
delete,10,30,0.0,6.241090297698975
delete,10,30,0.0,11.89789628982544
delete,10,50,0.0,289.8304398059845
delete,10,50,0.0,-1,(exhausted)
delete,10,50,0.0,-1,(exhausted)
delete,10,50,0.0,751.0280475616455
delete,25,5,0.0,8.321408748626709
delete,25,5,0.0,-1,(timed_out)
delete,25,5,0.0,58.36476445198059
delete,25,5,0.0,9.207119941711426
delete,25,5,0.0,-1,(timed_out)
delete,25,5,0.0,54.77958154678345
delete,25,5,0.0,14.898550510406494
delete,25,15,0.0,4.792091131210327
delete,25,15,0.0,11.949872016906738
delete,25,15,0.0,10.060104131698608
delete,25,30,0.0,11.355214357376099
delete,25,30,0.0,10.27093243598938
delete,25,30,0.0,7.717231273651123
create,25,50,0.0,189.81288766860962
create,25,50,0.0,-1,(timed_out)
create,25,50,0.0,29.39485478401184
create,35,5,0.0,129.4874074459076
create,35,5,0.0,-1,(timed_out)
create,35,5,0.0,-1,(timed_out)
create,35,5,0.0,93.89953708648682
create,35,30,0.0,18.881530284881592
create,35,30,0.0,4.670283317565918
create,35,50,0.0,-1,(timed_out)
create,35,50,0.0,1.2785837650299072
create,35,50,0.0,32.532466411590576
merge,25,50,0.0,-1,(timed_out)
merge,25,50,0.0,-1,(timed_out)
merge,25,50,0.0,-1,(timed_out)
merge,25,50,0.0,-1,(timed_out)
merge,35,5,0.0,-1,(timed_out)
merge,35,5,0.0,-1,(exhausted)
merge,35,5,0.0,-1,(exhausted)
merge,35,5,0.0,-1,(exhausted)
merge,35,5,0.0,-1,(exhausted)
merge,35,5,0.0,-1,(exhausted)
merge,35,5,0.0,-1,(exhausted)
merge,35,5,0.0,-1,(exhausted)
merge,35,5,0.0,-1,(exhausted)
merge,35,5,0.0,-1,(exhausted)
merge,35,5,0.0,-1,(exhausted)
merge,35,5,0.0,-1,(exhausted)
merge,35,5,0.0,-1,(exhausted)
merge,35,5,0.0,50.89669919013977
merge,35,30,0.0,33.9605598449707
merge,35,30,0.0,-1
merge,35,30,0.0,16.236188173294067
merge,35,50,0.0,25.318228721618652
merge,35,50,0.0,85.87742710113525
split,35,5,0.0,-1,(exhausted)
split,35,5,0.0,-1,(timed_out)
split,35,5,0.0,63.54403805732727
split,35,30,0.0,-1,(timed_out)
split,35,30,0.0,-1,(timed_out)
split,35,50,0.0,-1,(timed_out)
split,35,50,0.0,-1,(timed_out)

WITH THE PART AFTER